{
  "version": 1,
  "author": "Uri Shaked",
  "editor": "wokwi",
  "parts": [
    { "type": "wokwi-esp32-devkit-v1", "id": "esp", "top": 0, "left": 0, "attrs": {} },
    { "type": "wokwi-dht22", "id": "dht1", "top": -127.4, "left": -126.22, "attrs": {} },
    {
      "type": "wokwi-lcd1602",
      "id": "lcd1",
      "top": -42.49,
      "left": 330.31,
      "attrs": { "pins": "i2c" }
    },
    {
      "type": "wokwi-pushbutton",
      "id": "btn1",
      "top": 39.96,
      "left": -80.55,
      "attrs": { "color": "blue" }
    },
    {
      "type": "wokwi-hx711",
      "id": "cell1",
      "top": 102.91,
      "left": 349.61,
      "attrs": { "type": "50kg" }
    }
  ],
  "connections": [
    [ "esp:TX0", "$serialMonitor:RX", "", [] ],
    [ "esp:RX0", "$serialMonitor:TX", "", [] ],
    [ "lcd1:VCC", "esp:3V3", "red", [ "h-69.25", "v102.28" ] ],
    [ "lcd1:GND", "esp:GND.1", "black", [ "h-87", "v7.73" ] ],
    [ "lcd1:SDA", "esp:D21", "limegreen", [ "v0.97", "h-26.59", "v53.42" ] ],
    [ "lcd1:SCL", "esp:D22", "limegreen", [ "h-42.75", "v15.99" ] ],
    [ "cell1:DT", "esp:D5", "green", [ "h-40.21", "v-47.91" ] ],
    [ "cell1:SCK", "esp:D4", "green", [ "h-50.46", "v-29.11" ] ],
    [ "dht1:VCC", "esp:VIN", "red", [ "v0" ] ],
    [ "dht1:GND", "esp:GND.2", "black", [ "v0" ] ],
    [ "dht1:SDA", "esp:D13", "white", [ "v0" ] ],
    [ "cell1:GND", "esp:GND.1", "black", [ "h-108.94", "v19.59" ] ],
    [ "cell1:VCC", "esp:3V3", "red", [ "h-28.77", "v-8.15" ] ],
    [ "esp:GND.2", "btn1:2.r", "black", [ "h0" ] ],
    [ "btn1:1.r", "esp:D34", "blue", [ "v0" ] ]
  ],
  "dependencies": {}
}